Average number of packets,The proportion of time the server is idle,Ro value
9.157203951,9.856926997,0.9
18.3374261,4.932292456,0.95
313.7319055,0.120196489,1
19957.19055,0.000436191,1.1
41570.83897,0.000200053,1.2
63466.89028,0.000461773,1.3